{"cameraMode":{"drawMode":0,"name":"Shaded","section":"Shading Mode"},"sceneLighting":true,"audioPlay":false,"sceneViewState":{"showFog":true,"showMaterialUpdate":false,"showSkybox":true,"showFlares":true,"showImageEffects":true,"showParticleSystems":true},"in2DMode":false,"pivot":{"x":-8.778345108032227,"y":10.45127010345459,"z":-10.148538589477539},"rotation":{"x":-0.10683455318212509,"y":0.8546646237373352,"z":-0.19454129040241242,"w":-0.4693490266799927},"size":2.208651065826416,"orthographic":false}